{"groepen_van_zuren":{"x":468.805265483344,"y":247.14051598092448},"indicatoren":{"x":426.31869438370836,"y":381.04689312723764},"instabiele_zuren":{"x":240.78544962718252,"y":419.2138256915198},"meerwaardige_zuren":{"x":612.0058392179986,"y":212.8405257623184},"omslagtraject":{"x":367.8838793415323,"y":537.0890423294189},"ph":{"x":1063.145253702135,"y":330.87219389524097},"ph_berekenen":{"x":1234.0116276258595,"y":356.86247340078944},"significante_cijfers_bij_ph":{"x":1387.4072015077852,"y":128.8921408325382},"sterk_zuur":{"x":1390.7395645043719,"y":284.88466832048937},"zuurconstante":{"x":1453.3122312721553,"y":494.6916281639851},"zuurgraad_of_ph":{"x":1070.2767776594233,"y":588.5212243060566},"zwak_zuur":{"x":1138.345011637788,"y":177.7526643016808},"base_zwakke_base":{"x":735.2530525145328,"y":550.5262066115079},"baseconstante":{"x":858.3380877263047,"y":758.5012519803145},"geconjugeerd_zuur_basepaar":{"x":619.3110794149932,"y":688.1607290393631},"kalkwater":{"x":996.8399752646224,"y":92.19889246928864},"meerwaardige_base":{"x":610.2148587718543,"y":544.3880588418212},"pOH":{"x":1184.9075546780543,"y":254.43507436516848},"fouten_analyse":{"x":1204.7854496271825,"y":457.52122430605664},"waterevenwicht":{"x":718.9758282324877,"y":135.31788750366604},"zuur_basereactie":{"x":923.0000195380362,"y":236.80888176782844},"zuur_basetitratie":{"x":828.4326954844299,"y":129.13727919736002},"zuren_en_basen":{"x":842.5523395302747,"y":460.6129215767527}}